Token,PNL,Total orders,Total trades,Volume traded,Winning trades,Win Loss Ratio,Win loss points,PNL turnover ratio in bps,Annualized Sharpe ratio,Drawdown
35001,-13711.125,134,134,10050,26,0.24074074074074073,0.6289037522709513,-112.61737842956617,-3.5894239754137085,-8.167810233287597
