Token,PNL,Total orders,Total trades,Volume traded,Winning trades,Win Loss Ratio,Win loss points,PNL turnover ratio in bps,Annualized Sharpe ratio,Drawdown
35001,-11962.5,154,154,11550,38,0.3275862068965517,0.5181996677239091,-31.303542304922015,-4.071660204647426,-48.03100775193763
