Token,PNL,Total orders,Total trades,Volume traded,Winning trades,Win Loss Ratio,Win loss points,PNL turnover ratio in bps,Annualized Sharpe ratio,Drawdown
35001,2737.875,156,156,11700,41,0.3565217391304348,1.0567275044093765,13.052834749967865,0.4243315653688648,-1.8613008531533766
