Token,PNL,Total orders,Total trades,Volume traded,Winning trades,Win Loss Ratio,Win loss points,PNL turnover ratio in bps,Annualized Sharpe ratio,Drawdown
35001,-5177.249999999996,104,104,7800,22,0.2682926829268293,0.851707841031149,-17.2766468438647,-0.9853976679785588,-7.56796116504855
