Token,PNL,Total orders,Total trades,Volume traded,Winning trades,Win Loss Ratio,Win loss points,PNL turnover ratio in bps,Annualized Sharpe ratio,Drawdown
35001,6364.5,108,108,8100,32,0.42105263157894735,1.4441071802386434,87.42541126825569,2.86359003987614,-1.4012492563950043
