Token,PNL,Total orders,Total trades,Volume traded,Winning trades,Win Loss Ratio,Win loss points,PNL turnover ratio in bps,Annualized Sharpe ratio,Drawdown
35001,-5377.500000000002,158,158,11850,39,0.3277310924369748,0.8760994660353556,-31.02767824687128,-1.0081815166461807,-1.9501509341600727
