Token,PNL,Total orders,Total trades,Volume traded,Winning trades,Win Loss Ratio,Win loss points,PNL turnover ratio in bps,Annualized Sharpe ratio,Drawdown
35001,3395.25,154,154,11550,40,0.3508771929824561,1.0988169038679816,21.580912690978206,0.7139939924039842,-1.2060538295663292
