Token,PNL,Total orders,Total trades,Volume traded,Winning trades,Win Loss Ratio,Win loss points,PNL turnover ratio in bps,Annualized Sharpe ratio,Drawdown
35001,-2150.625,122,122,9150,26,0.2708333333333333,0.9601417798936654,-7.724878486381787,-0.2865499057920703,-5.721775525938961
