Token,PNL,Total orders,Total trades,Volume traded,Winning trades,Win Loss Ratio,Win loss points,PNL turnover ratio in bps,Annualized Sharpe ratio,Drawdown
35001,-1879.875,142,142,10650,35,0.32710280373831774,0.9568272832967318,-9.389843721757185,-0.3202143814107623,-14.185965848452502
