Token,PNL,Total orders,Total trades,Volume traded,Winning trades,Win Loss Ratio,Win loss points,PNL turnover ratio in bps,Annualized Sharpe ratio,Drawdown
35001,6333.0,114,114,8550,28,0.32558139534883723,1.0982568828690449,17.80238759449349,0.6792992315926515,-0.9937204675453865
