Token,PNL,Total orders,Total trades,Volume traded,Winning trades,Win Loss Ratio,Win loss points,PNL turnover ratio in bps,Annualized Sharpe ratio,Drawdown
35001,-3186.375,150,150,11250,37,0.3274336283185841,0.9522825421606229,-9.040378263811155,-0.347491369360646,-1.405177715631782
