Token,PNL,Total orders,Total trades,Volume traded,Winning trades,Win Loss Ratio,Win loss points,PNL turnover ratio in bps,Annualized Sharpe ratio,Drawdown
35001,8305.125,134,134,10050,35,0.35353535353535354,1.18106528226301,31.15536506865589,1.1980706092499247,-1.1670218660756138
