Token,PNL,Total orders,Total trades,Volume traded,Winning trades,Win Loss Ratio,Win loss points,PNL turnover ratio in bps,Annualized Sharpe ratio,Drawdown
35001,20937.375,162,162,12150,45,0.38461538461538464,1.3669385314046496,61.007050672467436,2.2507762332684944,-1.9361509706981794
