Token,PNL,Total orders,Total trades,Volume traded,Winning trades,Win Loss Ratio,Win loss points,PNL turnover ratio in bps,Annualized Sharpe ratio,Drawdown
35001,4303.125,122,122,9150,32,0.35555555555555557,1.0887175958497948,19.76589259584305,0.6533458277965966,-8.70493685419058
