Token,PNL,Total orders,Total trades,Volume traded,Winning trades,Win Loss Ratio,Win loss points,PNL turnover ratio in bps,Annualized Sharpe ratio,Drawdown
35001,1237.875,106,106,7950,27,0.34177215189873417,1.037936860009424,7.3084638919596046,0.26389838597050896,-2.4761800699300704
